,Name,Gender
0,Hilda,F
1,Kristi,F
2,Zane,M
3,Elbert,M
4,Lucinda,F
5,Curtis,M
6,Jamari,M
7,Lynda,F
8,Tessa,F
9,Tia,F
10,Kristi,F
11,Leslie,M
12,Imogene,F
13,Jeremiah,M
14,Henderson,M
15,Lina,F
16,Sean,M
17,Jimmy,M
18,Keyona,F
19,Inez,F
20,Della,F
21,Tyler,M
22,Jane,F
23,Ariah,F
24,Wilma,F
25,Jayne,F
26,Ryder,M
27,August,M
28,Tremayne,M
29,Lynn,M
30,Virginia,F
31,Susanne,F
32,Leland,M
33,Deidra,F
34,Khadijah,F
35,Gary,M
36,Christopher,M
37,Thomas,M
38,Fredrick,M
39,Julius,M
40,Roscoe,M
41,Celena,F
42,Marcie,F
43,Roxie,F
44,Brett,M
45,Jenny,F
46,Edwin,M
47,Danae,F
48,Adrienne,F
49,Conley,M
50,Julia,F
51,Danielle,F
52,Shelia,F
53,Kameron,M
54,Adrienne,F
55,Dallas,M
56,Miguel,M
57,Frederick,M
58,Merle,F
59,Dwight,M
60,Shawn,M
61,Wade,M
62,Peggy,F
63,Grady,M
64,Genevieve,F
65,Salem,F
66,Faye,F
67,Helen,F
68,Quincy,M
69,Emanuel,M
70,Leah,F
71,Tania,F
72,Ronnie,M
73,Mable,F
74,Thomas,M
75,Carson,M
76,Verdell,F
77,Vickie,F
78,Deven,M
79,Esther,F
80,Elisabeth,F
81,Elbert,M
82,Dewitt,M
83,Lailah,F
84,Michael,M
85,Loyd,M
86,Savannah,F
87,Bailey,M
88,Nathaniel,M
89,Madge,F
90,Marty,M
91,Christie,F
92,Carol,M
93,James,M
94,Rosemary,F
95,Susannah,F
96,Samatha,F
97,Tony,M
98,Jailyn,F
99,Bruce,M
100,Javier,M
101,Myah,F
102,Kirk,M
103,Pearlie,F
104,Natosha,F
105,Angie,F
106,Rita,F
107,Lucy,F
108,Mitchel,M
109,Scotty,M
110,Elmo,M
111,Elinor,F
112,Deshawn,M
113,Sailor,F
114,Connie,F
115,Kacie,F
116,Gaither,M
117,Keisha,F
118,Lucius,M
119,Carol,F
120,Grady,M
121,Rose,F
122,Cecilia,F
123,Bronson,M
124,Kelly,F
125,Walter,M
126,Charlie,M
127,Omar,M
128,Crystal,F
129,Sophie,F
130,Kamille,F
131,Lora,F
132,Kenna,F
133,Shamar,M
134,Elijah,M
135,Miranda,F
136,Kaitlin,F
137,Prince,M
138,Nehemiah,M
139,Mossie,F
140,Silas,M
141,Dashawn,M
142,Ron,M
143,Ashlyn,F
144,Jan,F
145,Jesse,F
146,Natalie,F
147,Roger,M
148,Elias,M
149,Taylen,M
150,Reggie,M
151,Gilmer,M
152,Levi,M
153,Catherine,F
154,Amie,F
155,Sim,M
156,Nellie,F
157,Keontae,M
158,Laurie,F
159,Roy,M
160,Faye,F
161,Scotty,M
162,Monique,F
163,Braxton,M
164,Tekela,F
165,Harold,M
166,Julie,F
167,Penelope,F
168,Rex,M
169,Trevor,M
170,Sharron,F
171,Aaden,M
172,Zyasia,F
173,Pansy,F
174,Alanna,F
175,Xavius,M
176,Sedrick,M
177,Tyrell,M
178,Malissa,F
179,Lewis,M
180,Kamaria,F
181,Melinda,F
182,Leanna,F
183,Florence,F
184,Anne,F
185,Avery,F
186,Morgan,F
187,Jazmine,F
188,Marcia,F
189,Vishal,M
190,Wallace,M
191,Curtis,M
192,Christal,F
193,Diedra,F
194,Cadence,F
195,Reba,F
196,Millie,F
197,Sofia,F
198,Jamie,F
199,Edsel,M
200,Lorine,F
201,Mikaela,F
202,Reva,F
203,Ola,F
204,Christopher,M
205,Gracey,F
206,Elise,F
207,Frankie,F
208,Nicole,F
209,India,F
210,William,F
211,Marian,F
212,Thomas,F
213,Rolanda,F
214,Adilynn,F
215,Ronnie,M
216,Tessa,F
217,Arman,M
218,Dean,M
219,Keandre,M
220,Beverly,F
221,Willis,M
222,Larry,M
223,Calla,F
224,Cheri,F
225,Eudell,F
226,Marley,M
227,Alesia,F
228,Garland,M
229,Wesley,M
230,John,M
231,Warner,M
232,Derek,M
233,Alice,F
234,Ann,F
235,Mia,F
236,Junius,M
237,Don,M
238,Dudley,M
239,Leroy,M
240,Mike,M
241,Miles,M
242,Devante,M
243,Conrad,M
244,Charles,F
245,Cecily,F
246,Boyd,M
247,Hallie,F
248,Willa,F
249,Wanda,F
250,Keanu,M
251,Ahmad,M
252,Diego,M
253,Kolby,M
254,Arnetta,F
255,Alvin,M
256,Alford,M
257,Galen,M
258,Ruthie,F
259,Jody,M
260,Francisco,M
261,Latonya,F
262,Savannah,F
263,Carroll,M
264,Cesar,M
265,Roy,M
266,Deion,M
267,Mattie,F
268,Rossie,F
269,Cornelius,M
270,Adrian,F
271,Titan,M
272,Helen,F
273,Polly,F
274,Celeste,F
275,Janis,F
276,Dedric,M
277,Rita,F
278,Annaliese,F
279,Matilda,F
280,Rena,F
281,Marquis,M
282,Cassie,F
283,Effie,F
284,Bobbi,F
285,Davion,M
286,Nallely,F
287,Roman,M
288,Catherine,F
289,Robyn,F
290,Adrian,F
291,Antwan,M
292,Elton,M
293,Annie,F
294,Blondine,F
295,Teressa,F
296,Lee,M
297,Carletha,F
298,Stewart,M
299,Brannon,M
300,Hallie,F
301,Patience,F
302,Dina,F
303,Ericka,F
304,Jonathan,M
305,Lonnie,M
306,Rayden,M
307,Hoyt,M
308,Malaki,M
309,Lorenzo,M
310,Carolyn,F
311,Marco,M
312,Anisa,F
313,Lionel,M
314,Margret,F
315,Betsy,F
316,Imani,F
317,Alyvia,F
318,Erin,F
319,Phoebe,F
320,Zhane,F
321,Hailey,F
322,Matthew,M
323,Carmen,F
324,Devin,M
325,Wilson,M
326,Kendall,M
327,Janet,F
328,Billy,M
329,Demetric,M
330,Shawn,M
331,Ernest,M
332,Gretchen,F
333,Paula,F
334,Judith,F
335,Faith,F
336,Mickey,F
337,Demarrion,M
338,Shelby,F
339,Yvonne,F
340,Nyla,F
341,Stewart,M
342,Lora,F
343,Tracy,M
344,Delmas,M
345,Angely,F
346,Elma,F
347,Gray,M
348,Tabitha,F
349,Sedrick,M
350,Kendrick,M
351,Kaitlyn,F
352,Lewis,M
353,Nyla,F
354,Carly,F
355,Sandy,M
356,Canaan,M
357,Branden,M
358,Tim,M
359,Mabel,F
360,Tommie,M
361,Bridgette,F
362,Rena,F
363,Lee,M
364,Shannon,F
365,Laura,F
366,Ted,M
367,Shelby,M
368,Vivienne,F
369,Mary,M
370,Retha,F
371,Tabatha,F
372,Cyrus,M
373,Xzavier,M
374,Anahi,F
375,Raleigh,M
376,Treva,F
377,Dahlia,F
378,Nelle,F
379,Oliver,M
380,Landon,M
381,Tracy,M
382,Frances,M
383,Marty,M
384,Denny,M
385,Rachelle,F
386,Kirby,M
387,Tyanna,F
388,Cameron,F
389,Deadrick,M
390,Troy,M
391,Jasmine,F
392,Jaila,F
393,Sophia,F
394,Michell,F
395,Dane,M
396,Shenika,F
397,Ayla,F
398,Estell,F
399,Valentina,F
400,Doug,M
401,Annie,F
402,Candy,F
403,Isla,F
404,Fannie,F
405,Marion,M
406,Kwame,M
407,Jeff,M
408,Marisa,F
409,Francis,M
410,Braylin,M
411,Cornelius,M
412,Tyler,M
413,Brad,M
414,Jamie,M
415,Arthur,M
416,Bertha,F
417,Jess,M
418,Jacqueline,F
419,Courtney,F
420,Wilbur,M
421,Kimberly,M
422,Georgia,F
423,Trevor,M
424,Celeste,F
425,Kendra,F
426,Kane,M
427,Clinton,M
428,Gwendolyn,F
429,Erick,M
430,Madeleine,F
431,Garnet,F
432,Tamera,F
433,Damian,M
434,Wilson,M
435,Vernell,F
436,Theron,M
437,Clifton,M
438,Cammie,F
439,Genesis,M
440,Gage,M
441,Jourdan,F
442,Ashley,M
443,Collin,M
444,Nettie,F
445,Thelma,F
446,Justice,M
447,Christie,F
448,Kendrick,M
449,Myra,F
450,Angel,F
451,Caroline,F
452,Antwan,M
453,Avis,F
454,Redell,F
455,Sherelle,F
456,Ryan,M
457,Kylar,M
458,Loretta,F
459,Korey,M
460,Fred,M
461,Kandice,F
462,Kerry,M
463,Roberta,F
464,Janice,F
465,Jaime,F
466,Gloria,F
467,Mary,F
468,Devin,F
469,Gretchen,F
470,Aline,F
471,Clyde,M
472,Brandi,F
473,Asia,F
474,Darrell,M
475,Elnora,F
476,Maurice,M
477,Bill,M
478,Kaden,M
479,Zyir,M
480,Frida,F
481,Loralei,F
482,Estill,M
483,Mitchel,M
484,Ezra,M
485,Marco,M
486,Evette,F
487,Stewart,M
488,Gladys,F
489,Vernon,M
490,Carrie,F
491,Billy,M
492,Kellan,M
493,Kelsey,F
494,Mackenzie,M
495,Caren,F
496,Ivy,F
497,Briar,F
498,Timothy,M
499,Candi,F
500,Curtis,M
501,Harley,M
502,Norman,M
503,Makenzi,F
504,Gregory,M
505,Constance,F
506,Alana,F
507,Steve,M
508,Cassandra,F
509,Lynne,F
510,Hamza,M
511,Sofia,F
512,Salvatore,M
513,Forrest,M
514,Leah,F
515,Vera,F
516,Eric,M
517,Hope,F
518,Thurman,M
519,Matt,M
520,Jameer,M
521,Josue,M
522,Kristi,F
523,Glenna,F
524,Charles,M
525,Kensington,F
526,Natalie,F
527,Theodore,M
528,Noah,F
529,Kathleen,F
530,Braxtyn,M
531,Avery,M
532,Alessandro,M
533,Margie,F
534,Vanessa,F
535,Corine,F
536,Carrie,F
537,Nichole,F
538,Kayden,F
539,Ernie,M
540,Royce,M
541,Harrison,M
542,Nelson,M
543,Meredith,F
544,Sara,F
545,Kate,F
546,Latarsha,F
547,Virginia,F
548,Jeffery,M
549,Douglas,M
550,Lucille,F
551,Ellis,F
552,Marvin,M
553,Aliza,F
554,Margaret,F
555,Dominique,F
556,Mabel,F
557,Richard,M
558,Valentina,F
559,Sarai,F
560,Tiffney,F
561,Connor,M
562,Mandy,F
563,Leslie,F
564,Austin,M
565,Angelie,F
566,Elisabeth,F
567,Nicola,F
568,Rebecca,F
569,Conor,M
570,Mauricio,M
571,Ezra,M
572,Abbigale,F
573,Millie,F
574,Cailyn,F
575,Heath,M
576,Nan,F
577,George,M
578,Bill,M
579,Patricia,F
580,Berry,M
581,Freddie,M
582,Jamie,M
583,Harper,M
584,Westley,M
585,Billy,M
586,Joy,F
587,Veronica,F
588,Olive,F
589,Daisy,F
590,Jordyn,F
591,Micah,M
592,Elliott,M
593,Holly,F
594,Jeanetta,F
595,Archie,M
596,Brook,F
597,Isaac,M
598,Colten,M
599,Leslie,F
600,Herschel,M
601,Zackery,M
602,Stacy,F
603,Rocky,M
604,Marlin,M
605,Evie,F
606,Chrystal,F
607,Simon,M
608,Robert,M
609,Eduardo,M
610,Mindy,F
611,Samara,F
612,Earline,F
613,Justin,M
614,Kathryn,F
615,Raylen,M
616,Destany,F
617,Yara,F
618,Ezra,M
619,Glenn,M
620,Kennedy,M
621,Eboni,F
622,Zella,F
623,Ned,M
624,Darrell,M
625,Colby,M
626,Kamron,M
627,Kaileigh,F
628,Alphonso,M
629,Lauren,F
630,Dawn,F
631,Makena,F
632,Liberty,F
633,Layton,M
634,Frankie,M
635,Beth,F
636,Kaelynn,F
637,Ebony,F
638,Robby,M
639,Harmon,M
640,Goldia,F
641,Marilyn,F
642,Julian,M
643,Stella,F
644,Drake,M
645,Jayson,M
646,Evelyn,F
647,Bradley,M
648,Cedric,M
649,Hakeem,M
650,Coby,M
651,Bayleigh,F
652,Trae,M
653,Angela,F
654,Nichole,F
655,Brenda,F
656,Berniece,F
657,Livia,F
658,Hampton,M
659,Kristin,F
660,Patricia,F
661,Shaniqua,F
662,Frederick,M
663,Hadassah,F
664,Charlene,F
665,Carlos,M
666,Hattie,F
667,Quenton,M
668,Lashanda,F
669,Kareem,M
670,Myrna,F
671,Tabitha,F
672,Neal,M
673,Griffin,M
674,Wendell,M
675,Destiney,F
676,Aimee,F
677,Cordell,M
678,Kyren,M
679,Alex,M
680,Landen,M
681,Marshall,M
682,Lynn,F
683,Hayward,M
684,Gilbert,M
685,Constance,F
686,Tula,F
687,Waddell,M
688,Malcom,M
689,Nelson,M
690,Percy,M
691,Nicholas,M
692,Nicole,F
693,Zechariah,M
694,Diamond,F
695,Suellen,F
696,Sylvester,M
697,Eva,F
698,Angel,M
699,Dakoda,M
700,Ellen,F
701,Benjamin,M
702,Elva,F
703,Sylvester,M
704,Darrell,M
705,Ester,F
706,Kelcie,F
707,Zula,F
708,Margie,F
709,Dayvion,M
710,Mitchell,M
711,Leland,M
712,Howard,M
713,Sylvia,F
714,Tanner,M
715,Max,M
716,Louella,F
717,Alexus,F
718,Amy,F
719,Crystal,F
720,Kori,F
721,Kellie,F
722,Wilton,M
723,Mitchell,M
724,Alonzo,M
725,Christian,F
726,Tara,F
727,Rashida,F
728,Mia,F
729,Willie,M
730,Orlando,M
731,Alex,M
732,Pearl,F
733,Everette,M
734,Martika,F
735,Kristen,F
736,Myla,F
737,Ezekiel,M
738,Matthew,M
739,Winter,F
740,Loretta,F
741,Alton,M
742,Lottie,F
743,Donnie,F
744,Taylor,M
745,Emilie,F
746,Myra,F
747,Sandy,F
748,Miriam,F
749,Henrietta,F
750,Genesis,F
751,Krystal,F
752,Stanley,M
753,Abigail,F
754,Kalani,F
755,Whitney,F
756,Ila,F
757,Wade,M
758,Micah,M
759,Brett,M
760,Callie,F
761,Parker,M
762,Nova,F
763,Shari,F
764,Brett,M
765,Cecil,F
766,Bryanna,F
767,Richard,M
768,Emanuel,M
769,Hector,M
770,Jessie,M
771,Beverly,F
772,Savanna,F
773,Daren,M
774,Crystal,F
775,Joyce,F
776,Joan,F
777,Luanne,F
778,Liza,F
779,Katherine,F
780,Rylan,F
781,Tanner,M
782,Oscar,M
783,Shenika,F
784,Jessie,M
785,Brittney,F
786,Willow,F
787,Rena,F
788,Olin,M
789,Queenie,F
790,Gwendolyn,F
791,Elvie,F
792,Noelle,F
793,Devon,F
794,Lance,M
795,Brad,M
796,Atharv,M
797,Kimberly,F
798,Shelley,F
799,Cornelius,M
800,Alfonzo,M
801,Cyrus,M
802,Eric,F
803,Beth,F
804,Alaina,F
805,Kameron,M
806,Reagan,F
807,Kaylah,F
808,Christin,F
809,Elora,F
810,Amy,F
811,Abbey,F
812,Alvin,M
813,Hiram,M
814,Robert,F
815,Kyle,M
816,Jakhi,M
817,Kirstin,F
818,Tonisha,F
819,Kenneth,M
820,Payton,F
821,Dave,M
822,Virgil,M
823,Lauri,F
824,Coy,M
825,Alberto,M
826,Quentin,M
827,Gussie,F
828,Jasper,M
829,Louella,F
830,Drew,M
831,Caden,M
832,Sam,M
833,Emanuel,M
834,Francesca,F
835,Iva,F
836,Devon,M
837,Sharon,F
838,Malaki,M
839,Joel,M
840,Eileen,F
841,Troy,M
842,Kara,F
843,Donnie,F
844,Luca,M
845,Millard,M
846,Skyler,F
847,Jerome,M
848,Wynter,F
849,Jaceyon,M
850,Celeste,F
851,Christal,F
852,Billie,F
853,Delia,F
854,Loy,M
855,Melody,F
856,Mozelle,F
857,Sidney,F
858,Yasmin,F
859,Anais,F
860,Edgar,M
861,Simon,M
862,Darren,M
863,Ada,F
864,Jaxxon,M
865,Coy,M
866,Velma,F
867,Peggy,F
868,Jada,F
869,Sammie,M
870,Iona,F
871,Tanaya,F
872,Jaydon,M
873,Fatima,F
874,Sydney,F
875,Harvey,M
876,Kelley,F
877,Hal,M
878,Kayleigh,F
879,Archie,M
880,Tyrone,M
881,Mike,M
882,Jack,M
883,Rosemary,F
884,Angela,F
885,Dawn,F
886,Twila,F
887,Roy,M
888,Latricia,F
889,Terri,F
890,Raven,F
891,Lashawnda,F
892,Lily,F
893,Loretta,F
894,Jeannie,F
895,Crawford,M
896,Nathaniel,M
897,Raylen,M
898,Peyton,M
899,Trent,M
900,Tiera,F
901,Athena,F
902,Tyler,M
903,Caroline,F
904,Della,F
905,Willia,F
906,Sondra,F
907,Farrah,F
908,Aubree,F
909,Sophia,F
910,Margot,F
911,Darrell,M
912,Ed,M
913,Tyneshia,F
914,Jaelyn,F
915,Nadia,F
916,Loretta,F
917,Justice,F
918,Michael,M
919,Callan,M
920,Aiden,M
921,Karen,F
922,Madeleine,F
923,Zakiya,F
924,Tanaya,F
925,Marie,F
926,Kerri,F
927,Sierra,F
928,Reed,M
929,Kailani,F
930,Jerri,F
931,Augustine,M
932,Garland,M
933,Nettie,F
934,Latisha,F
935,Lizbeth,F
936,Antony,M
937,Markus,M
938,Quentin,M
939,Michael,M
940,Misha,F
941,Jackson,M
942,Guy,M
943,Shenika,F
944,Kathryn,F
945,Tonya,F
946,Emmalee,F
947,Brandon,M
948,Cleo,F
949,Khari,M
950,Nigel,M
951,Judy,F
952,Precious,F
953,Nicholas,M
954,Ellen,F
955,Chalmers,M
956,Ira,F
957,Marianne,F
958,Zayne,M
959,Mattie,F
960,Myron,M
961,Luka,M
962,Kyron,M
963,Arielle,F
964,Clara,F
965,Justin,M
966,Fredy,M
967,Randal,M
968,Elizabeth,F
969,Taylor,M
970,Vada,F
971,Bianca,F
972,Alyse,F
973,Abdul,M
974,Carter,M
975,Chris,M
976,Tristan,M
977,Nicky,M
978,Freeman,M
979,Taylor,M
980,Jane,F
981,Cecilia,F
982,Betsy,F
983,Johnnie,M
984,Porter,M
985,Teri,F
986,Ashanti,F
987,Alissa,F
988,Daphne,F
989,Michelle,F
990,Moses,M
991,Maranda,F
992,Annie,F
993,Claudia,F
994,Billie,M
995,Morris,M
996,Kelly,M
997,Thad,M
998,Jenna,F
999,Joanne,F
1000,Jamel,M
1001,Timmy,M
1002,Milan,F
1003,Loria,F
1004,Angeline,F
1005,Jayceon,M
1006,Shea,F
1007,Deloris,F
1008,Leighton,M
1009,Addilynn,F
1010,Jacquelyn,F
1011,Pauline,F
1012,Jose,M
1013,Christopher,M
1014,Harlen,M
1015,Kelly,M
1016,Patrick,M
1017,Max,M
1018,Winnie,F
1019,Helen,F
1020,Audrey,F
1021,Gloria,F
1022,John,M
1023,Cori,F
1024,Lawrence,M
1025,Leatha,F
1026,Elijah,M
1027,Trent,M
1028,Mitchell,M
1029,Bryan,M
1030,Kristy,F
1031,Harley,F
1032,Leota,F
1033,Wilburn,M
1034,Dora,F
1035,Laiyah,F
1036,Eugene,M
1037,Amaya,F
1038,Kathryn,F
1039,Margaret,F
1040,Virgie,F
1041,Polly,F
1042,Penelope,F
1043,Josue,M
1044,Lakeshia,F
1045,Lois,F
1046,Glema,F
1047,Stephen,M
1048,Daisy,F
1049,Kali,F
1050,Leo,M
1051,Dennis,M
1052,Donna,F
1053,Michele,F
1054,Isabela,F
1055,Dewitt,M
1056,Briana,F
1057,Cornelia,F
1058,Lee,F
1059,Latisha,F
1060,Hugh,M
1061,Lily,F
1062,Wally,M
1063,Jaiceon,M
1064,Fay,F
1065,Petrina,F
1066,Matthew,F
1067,Jacquelin,F
1068,Kolby,M
1069,Davin,M
1070,Vance,M
1071,Ayanna,F
1072,Piper,F
1073,Drew,F
1074,Daniel,M
1075,Leo,M
1076,Gilbert,M
1077,Kaelyn,F
1078,Halle,F
1079,Tucker,M
1080,Santana,M
1081,Gaylon,M
1082,Lula,F
1083,Amirah,F
1084,Wendy,F
1085,Peter,M
1086,Weston,M
1087,Cedric,M
1088,Julie,F
1089,Dexter,M
1090,Terry,F
1091,Max,M
1092,Angelia,F
1093,Joann,F
1094,Raul,M
1095,Milagros,F
1096,Harley,M
1097,Judy,F
1098,Emalyn,F
1099,Hank,M
1100,Marcy,F
1101,Johnathan,M
1102,Maxcine,F
1103,Grayson,M
1104,Willard,M
1105,Elias,M
1106,Kyree,M
1107,Teena,F
1108,Josiah,M
1109,Wilson,M
1110,Andrea,F
1111,Willie,M
1112,Anthony,M
1113,Marlene,F
1114,Lexi,F
1115,Margaret,F
1116,Jackson,M
1117,Edwin,M
1118,William,M
1119,Tiana,F
1120,Hank,M
1121,Colt,M
1122,Nora,F
1123,Molly,F
1124,Elvira,F
1125,Dennis,M
1126,Brendon,M
1127,Lorine,F
1128,Ester,F
1129,Charlene,F
1130,Timothy,F
1131,Alta,F
1132,Gerson,M
1133,Deandrea,F
1134,Jane,F
1135,Shelbi,F
1136,Corrine,F
1137,Anita,F
1138,Jacob,M
1139,Melba,F
1140,Jewel,F
1141,Yolonda,F
1142,Charley,F
1143,Wilburn,M
1144,Howard,M
1145,Eliezer,M
1146,Karon,F
1147,Kaylie,F
1148,Lonnie,M
1149,Arely,F
1150,Tory,M
1151,Alberta,F
1152,Scott,M
1153,Reba,F
1154,Sallie,F
1155,Edwin,M
1156,Iona,F
1157,Arthur,M
1158,Peggie,F
1159,Alena,F
1160,Theo,M
1161,Tondra,F
1162,Norman,M
1163,Mary,F
1164,Anton,M
1165,Stella,F
1166,Courtney,M
1167,Sydnee,F
1168,Tiffanie,F
1169,Andrew,M
1170,Bill,M
1171,Shanda,F
1172,Angelique,F
1173,Elaine,F
1174,Oleta,F
1175,Loretha,F
1176,Shirley,F
1177,Gloria,F
1178,Hattie,F
1179,Tonika,F
1180,Mike,M
1181,Angie,F
1182,Armoni,F
1183,Terrell,M
1184,Charlie,F
1185,Lucas,M
1186,Tristin,M
1187,Natalee,F
1188,Dana,F
1189,Hampton,M
1190,Ericka,F
1191,Bonnie,F
1192,Andrew,M
1193,Noah,M
1194,Angel,M
1195,Malakai,M
1196,Melva,F
1197,Xander,M
1198,Tamekia,F
1199,Retha,F
1200,Willie,F
1201,Landon,M
1202,Carli,F
1203,Armand,M
1204,Eugenia,F
1205,Harry,M
1206,Alejandro,M
1207,Chuck,M
1208,Dominique,F
1209,Dallas,M
1210,Bertha,F
1211,Zuri,F
1212,Winford,M
1213,Carrington,F
1214,Antonia,M
1215,Travis,M
1216,Dakota,M
1217,Mary,M
1218,Rivers,M
1219,Denver,M
1220,Dallas,M
1221,Benton,M
1222,Loretta,F
1223,Corey,M
1224,Eamon,M
1225,Lilly,F
1226,Ryan,F
1227,Javier,M
1228,Nia,F
1229,Gaynell,F
1230,Adrienne,F
1231,Mazie,F
1232,Olga,F
1233,Arnold,M
1234,Ariah,F
1235,Martin,M
1236,Harleigh,F
1237,Celina,F
1238,Alisha,F
1239,Denny,M
1240,Jocelyn,F
1241,Manuel,M
1242,Elmore,M
1243,Ramel,M
1244,Peggy,F
1245,Tyree,M
1246,Crystal,F
1247,Troy,M
1248,Dan,M
1249,Tatyana,F
1250,Matthew,M
1251,Verna,F
1252,Cairo,M
1253,Sharon,F
1254,Dusty,F
1255,Aayush,M
1256,Troy,M
1257,Jeannette,F
1258,Thurman,M
1259,Clinton,M
1260,Mallory,F
1261,Cristina,F
1262,Khalil,M
1263,Creola,F
1264,Anisa,F
1265,Alton,M
1266,Anya,F
1267,Lionel,M
1268,Felton,M
1269,Wilson,M
1270,Celeste,F
1271,Bennett,M
1272,Randy,M
1273,Armani,F
1274,Mai,F
1275,Hunter,F
1276,Grayson,F
1277,Marshall,M
1278,Bryan,M
1279,Leroy,M
1280,Brad,M
1281,Michaela,F
1282,Jonas,M
1283,Philip,M
1284,Colt,M
1285,Frank,M
1286,Jeffery,M
1287,Wilbert,M
1288,Patience,F
1289,Priscilla,F
1290,Abby,F
1291,Trisha,F
1292,Richie,M
1293,Angela,F
1294,Jaylyn,F
1295,Melba,F
1296,Sally,F
1297,Torrey,M
1298,Peyton,F
1299,Millie,F
1300,Chester,M
1301,Malcolm,M
1302,Bodhi,M
1303,Bridgett,F
1304,Raquon,M
1305,Herman,M
1306,Sharon,F
1307,George,F
1308,Remy,F
1309,Sarai,F
1310,Rafael,M
1311,Latashia,F
1312,Cornell,M
1313,Braxton,M
1314,Donald,M
1315,Tianna,F
1316,Phillip,M
1317,Chante,F
1318,Gerard,M
1319,Thalia,F
1320,Teri,F
1321,Jonathan,M
1322,Kennedy,M
1323,Ollie,M
1324,Florine,F
1325,Charlene,F
1326,Kirra,F
1327,Cindy,F
1328,Zoe,F
1329,Johnathon,M
1330,Amilia,F
1331,Mckinley,F
1332,Jimmie,F
1333,Dara,F
1334,Tom,M
1335,Johnnie,M
1336,Daphne,F
1337,Yasin,M
1338,George,F
1339,Heidi,F
1340,Macy,F
1341,Andre,M
1342,Eva,F
1343,Esteban,M
1344,Dominik,M
1345,Brooklynn,F
1346,Jannie,F
1347,Betty,F
1348,Natalie,F
1349,Addie,F
1350,Easter,F
1351,Alan,M
1352,Esther,F
1353,Trenton,M
1354,Crystal,F
1355,Rhoda,F
1356,Talia,F
1357,Corey,M
1358,Walter,M
1359,Darius,M
1360,Ariah,F
1361,Leah,F
1362,Asher,M
1363,Essie,F
1364,Cary,M
1365,Lela,F
1366,Roman,M
1367,Bridgett,F
1368,Brittany,F
1369,Rosa,F
1370,Nettie,F
1371,Winnie,F
1372,Willie,F
1373,Elnora,F
1374,Dedrick,M
1375,Keisha,F
1376,Terry,F
1377,Caitlin,F
1378,Kianna,F
1379,Jade,F
1380,Eldridge,M
1381,Kaidyn,F
1382,Lena,F
1383,Nan,F
1384,Devan,F
1385,Lamont,M
1386,Roland,M
1387,Claire,F
1388,Kaelyn,F
1389,Frank,M
1390,Willie,M
1391,Kody,M
1392,Patricia,F
1393,Kloe,F
1394,Brynn,F
1395,Erika,F
1396,Rebecca,F
1397,Russell,M
1398,Mercy,F
1399,Hakeem,M
1400,Barrett,M
1401,Paul,M
1402,Jerome,M
1403,Terrell,M
1404,Louie,M
1405,Joel,M
1406,Brittney,F
1407,Geneva,F
1408,Erich,M
1409,Kelsie,F
1410,Tara,F
1411,Glenda,F
1412,Terry,M
1413,Jessie,F
1414,Bennie,M
1415,Zamarion,M
1416,Miguel,M
1417,Mitchell,M
1418,Lena,F
1419,Thelma,F
1420,Odell,F
1421,Norris,M
1422,Elliott,M
1423,Suzanne,F
1424,Jessie,M
1425,Katherine,F
1426,Zackary,M
1427,Washington,M
1428,Nancy,F
1429,Guy,M
1430,Kingsley,F
1431,Judith,F
1432,Monroe,M
1433,Carroll,M
1434,Eden,F
1435,Early,M
1436,Gay,F
1437,Wiley,M
1438,Rodney,M
1439,Pearlie,F
1440,Christy,F
1441,Dominic,M
1442,Justice,F
1443,Titus,M
1444,Janna,F
1445,Rufus,M
1446,Timothy,M
1447,Isiah,M
1448,Rusty,M
1449,Blaine,M
1450,Heather,F
1451,Kent,M
1452,Deana,F
1453,Shante,F
1454,Lynne,F
1455,Lenora,F
1456,Zori,F
1457,Albert,M
1458,Rafael,M
1459,Landon,M
1460,Evie,F
1461,Malachi,M
1462,Adilene,F
1463,Jael,F
1464,Elma,F
1465,Nicolas,M
1466,Catharine,F
1467,Bennie,M
1468,Tabitha,F
1469,Darian,M
1470,Wylie,M
1471,Jenna,F
1472,Darnell,M
1473,Perry,M
1474,Giselle,F
1475,Kathy,F
1476,Pansy,F
1477,Cadence,F
1478,Paulette,F
1479,Jameson,M
1480,Jamiyah,F
1481,Archie,M
1482,Aleah,F
1483,Eli,M
1484,Dariel,M
1485,Mickey,M
1486,Calvin,M
1487,Brett,M
1488,Bridgette,F
1489,Cleveland,M
1490,Delores,F
1491,Gena,F
1492,Meredith,F
1493,Lana,F
1494,Sammie,F
1495,Magnolia,F
1496,Wendy,F
1497,Riley,F
1498,Chloe,F
1499,Corine,F
1500,Bridget,F
1501,Carrie,F
1502,Latoya,F
1503,Donell,M
1504,Martha,F
1505,Abbigail,F
1506,Isiah,M
1507,Essence,F
1508,Odell,F
1509,India,F
1510,Ally,F
1511,Adalynn,F
1512,Macie,F
1513,Clara,F
1514,Sidney,M
1515,Traci,F
1516,Lyndon,M
1517,Hallie,F
1518,Bayleigh,F
1519,Avah,F
1520,Kermit,M
1521,Claudine,F
1522,Janice,F
1523,Vicky,F
1524,Linda,F
1525,Laquita,F
1526,Summer,F
1527,Mccoy,M
1528,Randall,M
1529,Jack,M
1530,Symone,F
1531,Karime,F
1532,Lacie,F
1533,Helon,F
1534,Holly,F
1535,Emmie,F
1536,Charlene,F
1537,Vester,M
1538,Hallie,F
1539,Kasey,F
1540,Barbara,F
1541,Matilda,F
1542,Nikolas,M
1543,Kyasia,F
1544,Dakota,M
1545,Valeria,F
1546,Treva,F
1547,Norman,M
1548,Stacie,F
1549,Coley,M
1550,Julius,M
1551,Peggy,F
1552,Kadence,F
1553,Noah,M
1554,Twanna,F
1555,Willis,M
1556,Gordon,M
1557,Ola,F
1558,Rayburn,M
1559,Opal,F
1560,Fantasia,F
1561,Gage,M
1562,Bruce,M
1563,Leta,F
1564,Warren,M
1565,Edith,F
1566,Joanna,F
1567,Alvin,M
1568,Nakia,F
1569,Julius,M
1570,Javon,M
1571,Jamel,M
1572,Harper,F
1573,Lilliana,F
1574,Ferrell,M
1575,Titus,M
1576,Alan,M
1577,Catherine,F
1578,Landen,M
1579,Israel,M
1580,Taelyn,F
1581,Earl,M
1582,Ryley,M
1583,Dania,F
1584,Renee,F
1585,Jean,F
1586,Elizebeth,F
1587,Aubreigh,F
1588,Lara,F
1589,Aimee,F
1590,Ariah,F
1591,Lennox,F
1592,Buford,M
1593,Adrian,M
1594,Taylar,F
1595,Stephen,M
1596,Albert,M
1597,Dallas,M
1598,Lillianna,F
1599,Rosa,F
1600,Shemar,M
1601,Ahmad,M
1602,Joy,F
1603,Blake,M
1604,Harry,M
1605,Dayton,M
1606,Bridgett,F
1607,Maliah,F
1608,Elzie,M
1609,Justina,F
1610,Skylar,M
1611,Jackson,M
1612,Buddy,M
1613,Barry,M
1614,James,F
1615,Tiana,F
1616,Avalyn,F
1617,Brianne,F
1618,Mackenzie,F
1619,Jim,M
1620,Marla,F
1621,Lee,M
1622,Jimmy,M
1623,Benny,M
1624,Buddy,M
1625,Tianna,F
1626,Jordin,F
1627,Oma,F
1628,Carl,M
1629,Rickie,M
1630,Josie,F
1631,Rebekah,F
1632,Kasie,F
1633,Abbie,F
1634,Elisha,M
1635,Terrance,M
1636,Kainen,M
1637,Kylan,M
1638,Chastity,F
1639,Karl,M
1640,Destany,F
1641,Walker,M
1642,Jared,M
1643,Narada,M
1644,Ayana,F
1645,Linda,F
1646,Neveah,F
1647,Claira,F
1648,Sadie,F
1649,Reggie,M
1650,Curtis,M
1651,Talon,M
1652,Neil,M
1653,Caroline,F
1654,Eschol,M
1655,Ashley,F
1656,Lincoln,M
1657,Durwood,M
1658,Harrison,M
1659,Phoenix,M
1660,Cassandra,F
1661,Brady,M
1662,Clarence,M
1663,Henrietta,F
1664,Rhonda,F
1665,Lois,F
1666,Walter,M
1667,Kacie,F
1668,Casie,F
1669,Karl,M
1670,Dolores,F
1671,Bennie,M
1672,Kasie,F
1673,Sherrie,F
1674,Millie,F
1675,Kristen,F
1676,Alice,F
1677,Giana,F
1678,Guy,M
1679,Coy,M
1680,Owen,M
1681,Randy,M
1682,Kelvin,M
1683,Alice,F
1684,Queen,F
1685,Royal,F
1686,Paisleigh,F
1687,Hoyt,M
1688,Heyward,M
1689,Joann,F
1690,Latisha,F
1691,Ethan,M
1692,Aarav,M
1693,Pearle,F
1694,Bonnie,F
1695,Adrienne,F
1696,Theron,M
1697,Eva,F
1698,Tyla,F
1699,Lola,F
1700,Marvin,M
1701,Jasper,M
1702,Delois,F
1703,Jason,M
1704,Kaylie,F
1705,Crystal,F
1706,Emiliano,M
1707,Marian,F
1708,Kabir,M
1709,Scott,M
1710,Roy,F
1711,Giovanni,M
1712,Jaci,F
1713,Alina,F
1714,Penelope,F
1715,Barney,M
1716,Jan,M
1717,Roderick,M
1718,Bianca,F
1719,Pamelia,F
1720,Peggy,F
1721,Berry,M
1722,Yusra,F
1723,Ginger,F
1724,Jane,F
1725,Estefany,F
1726,Shanna,F
1727,Kathryn,F
1728,Antonia,F
1729,Amber,F
1730,Hurley,M
1731,Elmore,M
1732,Lynn,M
1733,Kadie,F
1734,Mazie,F
1735,Alonzo,M
1736,Arvil,M
1737,Karl,M
1738,Burnell,M
1739,Jule,M
1740,Clara,F
1741,Millie,F
1742,Freddie,M
1743,Khalilah,F
1744,Abigail,F
1745,Grady,M
1746,Desmond,M
1747,Leigh,F
1748,Verdell,F
1749,April,F
1750,Ruben,M
1751,Lynne,F
1752,James,M
1753,Bonnie,F
1754,Kyra,F
1755,Alison,F
1756,Talon,M
1757,Zyon,M
1758,Edwin,M
1759,Sharonda,F
1760,Lawrence,M
1761,Lilyanna,F
1762,Hoyle,M
1763,Carleigh,F
1764,Ginger,F
1765,Rodger,M
1766,Tenisha,F
1767,Isabella,F
1768,Pauletta,F
1769,Suzanne,F
1770,Kate,F
1771,Zackary,M
1772,Elsie,F
1773,Holland,F
1774,Albert,M
1775,Jaimee,F
1776,Nevaeh,F
1777,Kayli,F
1778,Archer,M
1779,Daisy,F
1780,Etta,F
1781,Magalene,F
1782,Eli,M
1783,Shemika,F
1784,Tania,F
1785,Jeri,F
1786,Kent,M
1787,Cheri,F
1788,Amy,F
1789,Camille,F
1790,Diane,F
1791,Riley,F
1792,Jazmine,F
1793,Hester,F
1794,Harris,M
1795,Sydnie,F
1796,Dylan,F
1797,Carrie,F
1798,Allene,F
1799,Hayward,M
1800,Tierra,F
1801,April,F
1802,Keno,M
1803,Cornelius,M
1804,Ira,M
1805,Rogers,M
1806,Joseph,M
1807,William,M
1808,Farrah,F
1809,Boyd,M
1810,Dallas,M
1811,Holden,M
1812,Lorraine,F
1813,Kathleen,F
1814,Lenora,F
1815,Gabriella,F
1816,Chuck,M
1817,Tristan,M
1818,Carolyn,F
1819,Cadence,F
1820,River,M
1821,Connor,M
1822,Janet,F
1823,Zyasia,F
1824,Ulysses,M
1825,Rodney,M
1826,Kelcie,F
1827,Valerie,F
1828,Kendall,M
1829,Ophelia,F
1830,Lizzie,F
1831,Zola,F
1832,Nickey,M
1833,Frederick,M
1834,Don,M
1835,Kameron,F
1836,Lylah,F
1837,Theodore,M
1838,Julie,F
1839,Ebony,F
1840,Emory,M
1841,Francis,F
1842,Baylee,F
1843,Jase,M
1844,Geraldine,F
1845,Jaquan,M
1846,Dean,M
1847,Tina,F
1848,Todd,M
1849,Mark,M
1850,Milton,M
1851,Barry,M
1852,Willia,F
1853,Frankie,F
1854,Ina,F
1855,Miriam,F
1856,Jackie,F
1857,Lacey,F
1858,Gay,F
1859,Nelson,M
1860,Karen,F
1861,Lesli,F
1862,Dana,M
1863,Rileigh,F
1864,Randolph,M
1865,Lakeisha,F
1866,Ishmael,M
1867,Lance,M
1868,Lucius,M
1869,Sidney,M
1870,Hezekiah,M
1871,Molly,F
1872,Henry,F
1873,Jarrod,M
1874,Janice,F
1875,Shyla,F
1876,Bryan,M
1877,Walter,M
1878,Corey,M
1879,Mark,M
1880,Ruthie,F
1881,Josephine,F
1882,Owen,M
1883,Turner,M
1884,Winston,M
1885,Penelope,F
1886,Lily,F
1887,Lena,F
1888,Opal,F
1889,Karson,M
1890,Lafayette,M
1891,Calvin,M
1892,Kyler,M
1893,Jackson,M
1894,Isaiah,M
1895,Breana,F
1896,Corene,F
1897,Rylee,F
1898,Adley,F
1899,Kade,M
1900,Neil,M
1901,James,M
1902,Shakira,F
1903,Armani,F
1904,Nora,F
1905,Johnny,M
1906,Steve,M
1907,Juan,M
1908,Tyler,F
1909,Tucker,M
1910,Marion,M
1911,Sammy,M
1912,Valerie,F
1913,Coleman,M
1914,Philip,M
1915,Emma,F
1916,Kimberley,F
1917,Kayleigh,F
1918,Mary,F
1919,Paige,F
1920,Shawn,M
1921,Johney,M
1922,Henry,M
1923,Ashanti,F
1924,Briella,F
1925,Anahi,F
1926,Suzette,F
1927,Teressa,F
1928,Shannon,F
1929,Jacob,M
1930,Bailee,F
1931,Maggie,F
1932,Cynthia,F
1933,Callie,F
1934,Calvin,M
1935,Glenn,M
1936,Asha,F
1937,Semaj,F
1938,Martin,M
1939,Nola,F
1940,Cleo,F
1941,Amos,M
1942,Shaniya,F
1943,Deanna,F
1944,Leland,M
1945,Jeffery,M
1946,Fay,F
1947,Winona,F
1948,Boyd,M
1949,Jewell,M
1950,Kya,F
1951,Jayda,F
1952,May,F
1953,Julius,M
1954,Lilian,F
1955,Reece,F
1956,Bobbie,F
1957,Melody,F
1958,Devon,F
1959,Alvis,M
1960,Pablo,M
1961,Dane,M
1962,Dennis,M
1963,Arielle,F
1964,Callie,F
1965,Boston,M
1966,Rickie,M
1967,Nanette,F
1968,Rasheed,M
1969,Dewey,M
1970,Margaret,F
1971,Henrietta,F
1972,Raphael,M
1973,Guy,M
1974,Carroll,M
1975,Laverne,F
1976,Christopher,M
1977,Ronald,M
1978,Johanna,F
1979,Phoebe,F
1980,Sara,F
1981,Tina,F
1982,Katherine,F
1983,Stanley,M
1984,Ray,M
1985,Kelley,F
1986,Reece,M
1987,Morgan,M
1988,Macey,F
1989,Zaire,M
1990,Carey,M
1991,Josh,M
1992,Kalani,F
1993,Steve,M
1994,Jennie,F
1995,Simon,M
1996,Palmer,M
1997,Rashaad,M
1998,Margie,F
1999,Lennon,F
2000,Lloyd,M
2001,Wilbur,M
2002,David,M
2003,Joey,M
2004,Leslie,M
2005,Jaden,M
2006,Ellery,F
2007,Halle,F
2008,Marcus,M
2009,Bayleigh,F
2010,Curtis,M
2011,Javier,M
2012,Ozella,F
2013,Kaelyn,F
2014,Reagan,F
2015,Nannie,F
2016,Deanna,F
2017,Peggy,F
2018,Noah,M
2019,Zahir,M
2020,Glen,M
2021,Shannon,M
2022,Rory,M
2023,Camden,F
2024,Zayden,M
2025,Jill,F
2026,Renita,F
2027,Laura,F
2028,Charlie,M
2029,Jaelyn,F
2030,Yolonda,F
2031,Cephas,M
2032,Neriah,F
2033,Russell,M
2034,Patience,F
2035,Leonard,M
2036,Chad,M
2037,Zayden,M
2038,Bradford,M
2039,Rashida,F
2040,Cornell,M
2041,Belinda,F
2042,Edwin,M
2043,Destiny,F
2044,Dortha,F
2045,Jadon,M
2046,Ethyn,M
2047,Rozella,F
2048,Joanna,F
2049,Rosetta,F
2050,Selma,F
2051,Montrell,M
2052,Vesta,F
2053,Ginny,F
2054,Earl,M
2055,Norma,F
2056,Brandie,F
2057,Theodore,M
2058,Kaylynn,F
2059,Rhoda,F
2060,Truman,M
2061,Roxanna,F
2062,Greyson,M
2063,Marion,M
2064,Harry,M
2065,Penny,F
2066,Forest,M
2067,Juanita,F
2068,Katharine,F
2069,Alison,F
2070,Tomas,M
2071,Cali,F
2072,Irma,F
2073,Garret,M
2074,Elsie,F
2075,Talmadge,M
2076,Hamza,M
2077,Eleanor,F
2078,Kingston,M
2079,Tori,F
2080,Emma,F
2081,Neveah,F
2082,Laikynn,F
2083,Anastasia,F
2084,Zachary,M
2085,Lorraine,F
2086,Linda,F
2087,Naliyah,F
2088,Eder,M
2089,Simon,M
2090,Sylvia,F
2091,Justus,M
2092,Kadeem,M
2093,Ike,M
2094,Virginia,F
2095,Millie,F
2096,Liston,M
2097,Clarice,F
2098,Jamari,M
2099,Lavada,F
2100,Mabry,F
2101,Ben,M
2102,Rupert,M
2103,Mike,M
2104,Emaleigh,F
2105,Christopher,M
2106,Junior,M
2107,Edgar,M
2108,Carson,F
2109,Gussie,M
2110,Pauletta,F
2111,Maliyah,F
2112,Fox,M
2113,Lori,F
2114,Eunice,M
2115,Braelyn,M
2116,Evelynn,F
2117,Chadwick,M
2118,Estelle,F
2119,Orlando,M
2120,Waylon,M
2121,Kieran,M
2122,Buster,M
2123,Reba,F
2124,Kennedi,F
2125,Shane,M
2126,Nikki,F
2127,Deon,M
2128,Kenny,M
2129,Adrienne,F
2130,Margaret,F
2131,Everlee,F
2132,Marcelo,M
2133,William,M
2134,Alec,M
2135,Latisha,F
2136,Harold,M
2137,Kenslee,F
2138,Nancy,F
2139,Dorothea,F
2140,Dennis,M
2141,Darron,M
2142,Douglas,M
2143,Bennie,F
2144,Taylor,M
2145,Monroe,M
2146,Carissa,F
2147,Deidre,F
2148,Amber,F
2149,Beckham,M
2150,Jack,M
2151,Nicole,F
2152,Ellison,F
2153,Clementine,F
2154,Isaiah,M
2155,Conrad,M
2156,Jannie,F
2157,Damarion,M
2158,Rudolph,M
2159,King,M
2160,Braelyn,F
2161,Alysha,F
2162,Levi,M
2163,Theda,F
2164,Pranav,M
2165,Sherry,F
2166,Cambree,F
2167,Blondell,F
2168,Shyanna,F
2169,Alysha,F
2170,Selena,F
2171,Jessika,F
2172,Oakleigh,F
2173,Seth,M
2174,Kyleigh,F
2175,Miles,M
2176,Daisy,F
2177,Dean,F
2178,Sloan,M
2179,Bobbie,F
2180,Sheri,F
2181,Grady,M
2182,Miriam,F
2183,Willie,M
2184,Brendon,M
2185,Idell,F
2186,Brenden,M
2187,Travon,M
2188,Leanna,F
2189,Aislinn,F
2190,Priscilla,F
2191,Charlotte,F
2192,Elsie,F
2193,Maxwell,M
2194,Paul,M
2195,Hanna,F
2196,Daquon,M
2197,Homer,M
2198,Bennett,M
2199,Cindy,F
2200,Giuliana,F
2201,Susan,F
2202,Nicholas,M
2203,Jesse,F
2204,Sabrina,F
2205,Chelsea,F
2206,Darren,M
2207,Patrick,M
2208,Matthew,M
2209,Nora,F
2210,Fredrick,M
2211,Charlotte,F
2212,Lowell,M
2213,Jelani,M
2214,Shasta,F
2215,Inez,F
2216,Kendal,F
2217,Samantha,F
2218,Elisa,F
2219,Jamari,M
2220,Aron,M
2221,Leonard,M
2222,Lena,F
2223,Baylor,M
2224,Carrie,F
2225,Lukas,M
2226,Chris,M
2227,Zayden,M
2228,Jorja,F
2229,Kathy,F
2230,Cynthia,F
2231,Wesley,M
2232,Carleigh,F
2233,Mya,F
2234,Kurt,M
2235,Henry,M
2236,Joseph,M
2237,Keri,F
2238,Jaci,F
2239,Agnes,F
2240,Clint,M
2241,Josephine,F
2242,Charlotte,F
2243,Desiree,F
2244,Tevin,M
2245,Irvin,M
2246,Justine,F
2247,Dereon,M
2248,Akira,F
2249,Kristen,F
2250,Kobe,M
2251,Mario,M
2252,Kara,F
2253,Dwayne,M
2254,Mykenzie,F
2255,Audrey,F
2256,Jayleen,M
2257,Katrina,F
2258,Hamza,M
2259,Michelle,F
2260,Alden,M
2261,Sylvania,F
2262,Cooper,F
2263,Mattison,F
2264,Alene,F
2265,Asa,M
2266,Vance,M
2267,Carlos,M
2268,Trey,M
2269,Starr,F
2270,Sylvia,F
2271,Kristina,F
2272,Cornelia,F
2273,Ricky,M
2274,Jeremias,M
2275,Renee,F
2276,Cooper,M
2277,Cali,F
2278,Shavonda,F
2279,Cameron,M
2280,Sadie,F
2281,Meredith,F
2282,Krystin,F
2283,Tiffanie,F
2284,Willard,M
2285,Samya,F
2286,Elias,M
2287,Zaine,M
2288,Steve,M
2289,Marion,F
2290,Henry,M
2291,Barry,M
2292,June,M
2293,Kermit,M
2294,Jacquline,F
2295,Callie,F
2296,Whitley,F
2297,Starla,F
2298,Clarissa,F
2299,Angela,F
2300,Bill,M
2301,Jeanetta,F
2302,Kyle,M
2303,Perry,M
2304,Jewel,F
2305,Ellie,F
2306,Cecil,M
2307,Taylor,M
2308,Luis,M
2309,Sybil,F
2310,Hellen,F
2311,Terrence,M
2312,Kristina,F
2313,Arlie,M
2314,Ross,M
2315,Gideon,M
2316,Mitchell,M
2317,Jana,F
2318,Drew,M
2319,Samuel,M
2320,Edmond,M
2321,Mathew,M
2322,Tate,M
2323,Paul,M
2324,Clyde,M
2325,Josue,M
2326,Wyatt,M
2327,Tatyana,F
2328,Caydence,F
2329,Marc,M
2330,Bridgett,F
2331,Hallie,F
2332,Miles,M
2333,Aubrey,M
2334,Cathy,F
2335,Leilani,F
2336,Betsy,F
2337,Aletha,F
2338,Hershell,M
2339,Leo,M
2340,Emmit,M
2341,Stanley,M
2342,Alisa,F
2343,Conley,M
2344,Kaylee,F
2345,Mamie,F
2346,Deklan,M
2347,Harry,M
2348,Kameron,M
2349,Dudley,M
2350,Marcel,M
2351,Damon,M
2352,John,M
2353,Byron,M
2354,Kiersten,F
2355,Rudy,M
2356,Elzie,M
2357,Quentin,M
2358,Cristopher,M
2359,Leticia,F
2360,Bernice,F
2361,Taylan,M
2362,Milan,F
2363,Elise,F
2364,Alexander,M
2365,Jamiyah,F
2366,Emmitt,M
2367,Summer,F
2368,Lillian,F
2369,Kacey,F
2370,Freeman,M
2371,Desiree,F
2372,Annette,F
2373,Luther,M
2374,Lilly,F
2375,Mitzi,F
2376,Viola,F
2377,Phillip,M
2378,Bryson,M
2379,Abner,M
2380,Gerald,M
2381,Flossie,F
2382,Kyran,M
2383,Jonah,M
2384,Lelia,F
2385,Archie,M
2386,Reid,M
2387,Geneva,F
2388,Theadore,M
2389,Tonya,F
2390,Alphonso,M
2391,Ashli,F
2392,Rebecca,F
2393,Jaiden,F
2394,Alycia,F
2395,Odis,M
2396,Sandra,F
2397,Terri,F
2398,Desmond,M
2399,Frances,F
2400,Lindy,F
2401,Auburn,F
2402,Rayfield,M
2403,Quentin,M
2404,Myah,F
2405,George,M
2406,Julian,M
2407,Benson,M
2408,Ramona,F
2409,Denver,M
2410,Alan,M
2411,Phillip,M
2412,Lance,M
2413,Glenna,F
2414,Travis,M
2415,Jeanne,F
2416,Melba,F
2417,Caleb,M
2418,Florrie,F
2419,Betty,F
2420,Latasha,F
2421,Celina,F
2422,Delbert,M
2423,Skylin,F
2424,Zack,M
2425,Kenda,F
2426,Mark,M
2427,Troy,M
2428,Brendan,M
2429,Edgar,M
2430,Kaitlyn,F
2431,Layton,M
2432,Denise,F
2433,Loren,F
2434,Emma,F
2435,Dorothea,F
2436,Phil,M
2437,Reanna,F
2438,Irene,F
2439,Ellen,F
2440,Carley,F
2441,Jessie,M
2442,Odell,M
2443,Gracie,F
2444,Hilton,M
2445,Elva,F
2446,Emory,M
2447,Vera,F
2448,Fynn,M
2449,Emmaleigh,F
2450,Johnie,M
2451,Josie,F
2452,Weyman,M
2453,Shyla,F
2454,Stanley,M
2455,Cora,F
2456,Joan,F
2457,Dora,F
2458,Tamika,F
2459,Duane,M
2460,Leslie,M
2461,Laurie,F
2462,Homer,M
2463,Donte,M
2464,Amanda,F
2465,Steven,M
2466,Logan,M
2467,Andria,F
2468,Guillermo,M
2469,William,M
2470,Craig,M
2471,Daryl,M
2472,Zavion,M
2473,Barney,M
2474,Jordan,F
2475,Elenora,F
2476,Nell,F
2477,Carrie,F
2478,Olin,M
2479,Amira,F
2480,Jalia,F
2481,Dana,M
2482,Willie,M
2483,Addie,F
2484,Cierra,F
2485,Matthew,M
2486,Alda,F
2487,Claudia,F
2488,Kristin,F
2489,Bianca,F
2490,Rodney,M
2491,Jeremy,M
2492,Bentlee,M
2493,Jayson,M
2494,Joel,M
2495,Madison,F
2496,Violet,F
2497,Alanna,F
2498,Buddy,M
2499,Breanne,F
